{"cameraMode":{"drawMode":0,"name":"Shaded","section":"Shading Mode"},"sceneLighting":true,"audioPlay":false,"sceneViewState":{"m_AlwaysRefresh":false,"showFog":true,"showSkybox":true,"showFlares":true,"showImageEffects":true,"showParticleSystems":true,"showVisualEffectGraphs":true,"m_FxEnabled":true},"in2DMode":false,"pivot":{"x":-0.4728972911834717,"y":-24.291807174682618,"z":47.04741668701172},"rotation":{"x":0.01665627770125866,"y":0.9159217476844788,"z":-0.39918801188468935,"w":0.03821679577231407},"size":13.36927318572998,"orthographic":false}