{"cameraMode":{"drawMode":0,"name":"Shaded","section":"Shading Mode"},"sceneLighting":true,"audioPlay":false,"sceneViewState":{"m_AlwaysRefresh":false,"showFog":true,"showSkybox":true,"showFlares":true,"showImageEffects":true,"showParticleSystems":true,"showVisualEffectGraphs":true,"m_FxEnabled":true},"in2DMode":false,"pivot":{"x":452.24005126953127,"y":235.35557556152345,"z":-215.32382202148438},"rotation":{"x":-0.011402532458305359,"y":0.002415854251012206,"z":0.000011950536645599641,"w":1.0000354051589966},"size":1.1670620441436768,"orthographic":false}