{"cameraMode":{"drawMode":0,"name":"Shaded","section":"Shading Mode"},"sceneLighting":true,"audioPlay":false,"sceneViewState":{"m_AlwaysRefresh":false,"showFog":true,"showSkybox":true,"showFlares":true,"showImageEffects":true,"showParticleSystems":true,"showVisualEffectGraphs":true,"m_FxEnabled":true},"in2DMode":false,"pivot":{"x":-3.0956528186798097,"y":-4.450235843658447,"z":22.959518432617189},"rotation":{"x":0.2364685982465744,"y":-0.09890378266572952,"z":0.024209294468164445,"w":0.9662977457046509},"size":11.259943008422852,"orthographic":false}