{"cameraMode":{"drawMode":0,"name":"Shaded","section":"Shading Mode"},"sceneLighting":true,"audioPlay":false,"sceneViewState":{"m_AlwaysRefresh":false,"showFog":true,"showSkybox":true,"showFlares":true,"showImageEffects":true,"showParticleSystems":true,"showVisualEffectGraphs":true,"m_FxEnabled":true},"in2DMode":false,"pivot":{"x":555.048583984375,"y":134.84512329101563,"z":-261.3787841796875},"rotation":{"x":-0.24180488288402558,"y":0.0011825005058199168,"z":0.0002823654212988913,"w":0.9704238176345825},"size":1.1670620441436768,"orthographic":false}